restaurant,item,item_de,kcal,protein,carbs,fat,category,region,max,weight
McDonald's,Quarter Pounder with Cheese,Quarter Pounder mit Käse,520,30,40,26,main,EU,,
McDonald's,Double Quarter Pounder with Cheese,Double Quarter Pounder mit Käse,740,48,41,42,main,EU,1,
McDonald's,McDouble,McDouble,390,22,33,19,main,EU,,
McDonald's,Chicken Legend,Chicken Legend,540,27,52,24,main,EU,,
McDonald's,Double Filet-O-Fish,Double Filet-O-Fish,570,24,50,30,main,EU,1,
McDonald's,McWrap Crispy Chicken Bacon,McWrap Crispy Chicken Bacon,580,28,48,29,main,EU,,
McDonald's,McWrap Veggie,McWrap Veggie,510,12,52,28,main,EU,,
McDonald's,McWrap Grilled Chicken Ranch,McWrap Grilled Chicken Ranch,430,26,38,19,main,EU,,
McDonald's,Sausage McMuffin,Sausage McMuffin,400,16,28,25,main,EU,,
McDonald's,Bacon & Egg McMuffin,Bacon & Egg McMuffin,330,19,29,15,main,EU,,
McDonald's,McToast Ham & Cheese,McToast Schinken & Käse,295,14,30,13,main,EU,,
McDonald's,Pancakes (3 pcs) with Syrup,Pancakes (3 Stk.) mit Sirup,510,9,92,12,main,EU,1,
McDonald's,Butter Croissant,Butter-Croissant,230,5,25,12,side,EU,,
McDonald's,Chicken McNuggets (3 pcs),Chicken McNuggets (3 Stk.),135,8,8,8,starter,EU,,
McDonald's,Fries Kids Size,Pommes Kindergrösse,150,2,20,7,side,EU,,
McDonald's,Crispy Chicken Salad,Crispy-Chicken-Salat,370,21,26,20,salad,EU,,
McDonald's,Caesar Salad (no chicken),Caesar-Salat (ohne Poulet),140,5,9,9,salad,EU,,
McDonald's,McFlurry Daim,McFlurry Daim,350,8,52,12,dessert,EU,,
McDonald's,Sundae Caramel,Sundae Karamell,285,5,48,8,dessert,EU,,
McDonald's,Sundae Chocolate,Sundae Schoko,280,5,46,8,dessert,EU,,
McDonald's,Milkshake Strawberry (small),Milchshake Erdbeer (klein),270,8,46,6,dessert,EU,,
McDonald's,Milkshake Chocolate (small),Milchshake Schoko (klein),283,8,47,7,dessert,EU,,
McDonald's,Blueberry Muffin,Heidelbeer-Muffin,400,6,54,18,dessert,EU,,
McDonald's,Soft Serve Cone,Softeis im Becher,150,4,24,4,dessert,EU,,
McDonald's,Hot Chocolate,Heisse Schokolade,185,7,28,5,drink,EU,,
Burger King,Bacon Cheeseburger,Bacon Cheeseburger,330,18,31,15,main,EU,,
Burger King,Double Cheeseburger,Double Cheeseburger,450,26,32,24,main,EU,,
Burger King,Triple Cheeseburger,Triple Cheeseburger,580,37,33,33,main,EU,1,
Burger King,Big King XXL,Big King XXL,860,47,50,52,main,EU,1,
Burger King,Bacon King,Bacon King,990,60,47,62,main,EU,1,
Burger King,Smoky BBQ Steakhouse Burger,Smoky BBQ Steakhouse Burger,785,40,66,40,main,EU,1,
Burger King,Plant-Based Royale,Plant-Based Royale,530,21,48,28,main,EU,,
Burger King,Fish Royale,Fish Royale,450,18,45,22,main,EU,,
Burger King,King Nuggets (20 pcs),King Nuggets (20 Stk.),645,38,38,38,main,EU,1,
Burger King,King Nuggets (4 pcs),King Nuggets (4 Stk.),170,10,10,10,starter,EU,,
Burger King,Crispy Chicken Wrap,Crispy-Chicken-Wrap,480,22,44,24,main,EU,,
Burger King,Mozzarella Sticks (4 pcs),Mozzarella Sticks (4 Stk.),280,10,24,16,starter,EU,,
Burger King,Jalapeño Bites (6 pcs),Jalapeño Bites (6 Stk.),270,7,29,14,starter,EU,,
Burger King,Caesar Salad,Caesar-Salat,148,5,9,10,salad,EU,,
Burger King,Grilled Chicken Salad,Poulet-Salat (gegrillt),260,28,12,11,salad,EU,,
Burger King,Sundae Chocolate,Sundae Schoko,240,4,40,7,dessert,EU,,
Burger King,Apple Pie,Apfeltasche,275,3,36,13,dessert,EU,,
KFC,Colonel's Burger,Colonel's Burger,480,23,45,23,main,EU,,
KFC,Boneless Box (6 pcs),Boneless Box (6 Stk.),422,28,28,22,main,EU,1,1
KFC,Chicken Bites (10 pcs),Chicken Bites (10 Stk.),450,26,28,26,starter,EU,,
KFC,Garden Salad,Gartensalat,58,2,8,2,salad,EU,,
KFC,Chicken Caesar Salad,Chicken-Caesar-Salat,376,29,20,20,salad,EU,,
KFC,Apple Pie,Apfeltasche,248,3,34,11,dessert,EU,,
KFC,Soft Serve Ice Cream,Softeis,182,4,28,6,dessert,EU,,
KFC,Zinger Wrap,Zinger Wrap,480,22,48,22,main,EU,,
KFC,Spicy Chicken Burger,Spicy Chicken Burger,500,24,50,24,main,EU,,
KFC,Veggie Burger,Veggie Burger,480,13,56,22,main,EU,,
KFC,Chicken Strips (3 pcs),Chicken Strips (3 Stk.),300,24,17,15,main,EU,2,0.7
KFC,Wings (6 pcs),Wings (6 Stk.),480,30,20,31,main,EU,1,1
KFC,Rice (side),Reis (Beilage),210,4,40,3,side,EU,,
KFC,Corn Cob (large),Maiskolben (gross),180,5,30,4,side,EU,,
Subway,Chicken Slice (6 in),Poulet-Aufschnitt (15 cm),304,21,46,4,main,EU,,
Subway,Egg Mayo (6 in),Egg Mayo (15 cm),395,15,45,17,main,EU,,
Subway,Falafel (6 in),Falafel (15 cm),410,13,58,14,main,EU,,
Subway,Pulled Pork BBQ (6 in),Pulled Pork BBQ (15 cm),390,22,52,10,main,EU,,
Subway,Seafood Sensation (6 in),Seafood Sensation (15 cm),425,13,51,19,main,EU,,
Subway,Chicken Teriyaki Wrap,Chicken-Teriyaki-Wrap,433,28,42,17,main,EU,,
Subway,Turkey Wrap,Truthahn-Wrap,335,23,36,11,main,EU,,
Subway,Veggie Wrap,Veggie-Wrap,322,9,40,14,main,EU,,
Subway,Roast Beef Salad,Roastbeef-Salat,118,16,9,2,salad,EU,,
Subway,Falafel Salad,Falafel-Salat,278,12,26,14,salad,EU,,
Subway,Ham Salad,Schinken-Salat,86,8,9,2,salad,EU,,
Subway,Egg Mayo Salad,Egg-Mayo-Salat,245,10,10,18,salad,EU,,
Subway,Blueberry Muffin,Heidelbeer-Muffin,395,5,55,17,dessert,EU,,
Subway,Brownie,Brownie,280,3,38,13,dessert,EU,,
Subway,Baked Chips,Chips (gebacken),132,2,22,4,side,EU,,
Subway,Apple Slices,Apfelschnitze,35,0,9,0,side,EU,,
Subway,Extra Cheese (2 slices),Extra Käse (2 Scheiben),78,5,1,6,extra,EU,,
Subway,Extra Bacon,Extra Bacon,43,3,0,3.5,extra,EU,,
Subway,Extra Avocado,Extra Avocado,61,1,3,5,extra,EU,,
Subway,Extra Tuna,Extra Thunfisch,95,8,0,7,extra,EU,,
Domino's,Veggie Supreme (1 slice),Veggie Supreme (1 Stück),210,9,26,7,main,EU,4,0.4
Domino's,Sausage (1 slice),Wurst (1 Stück),240,10,25,11,main,EU,4,0.4
Domino's,Pepperoni Passion (1 slice),Pepperoni Passion (1 Stück),250,11,24,12,main,EU,4,0.4
Domino's,Margherita Thin Crust (1 slice),Margherita Thin Crust (1 Stück),142,6,16,6,main,EU,4,0.35
Domino's,Chicken Wings BBQ (8 pcs),Chicken Wings BBQ (8 Stk.),508,42,22,28,main,EU,1,1.2
Domino's,Cheesy Bread (4 pcs),Cheesy Bread (4 Stk.),344,12,38,16,side,EU,,
Domino's,Garden Salad,Gartensalat,154,4,12,10,salad,EU,,
Domino's,Cookies (3 pcs),Cookies (3 Stk.),360,4,50,16,dessert,EU,,
Pizza Hut,Margherita Thin Crust (1 slice),Margherita Dünn (1 Stück),150,7,17,6,main,EU,4,0.35
Pizza Hut,Meat Feast (1 slice),Meat Feast (1 Stück),281,14,27,13,main,EU,4,0.4
Pizza Hut,Chicken Wings BBQ (6 pcs),Chicken Wings BBQ (6 Stk.),424,34,18,24,main,EU,1,1.2
Pizza Hut,Mac & Cheese,Mac & Cheese,510,20,60,21,main,EU,1,
Pizza Hut,Potato Wedges,Potato Wedges,357,5,46,17,side,EU,,
Pizza Hut,Dough Balls (6 pcs),Dough Balls (6 Stk.),295,8,50,7,starter,EU,,
Pizza Hut,Cheesecake Slice,Cheesecake-Stück,379,5,38,23,dessert,EU,,
Pizza Hut,Garden Salad,Gartensalat,120,3,12,7,salad,EU,,
Döner,Chicken Wrap Special (with cheese),Poulet-Dürüm Spezial (mit Käse),690,42,60,31,main,EU,1,
Döner,Falafel in Bread,Falafel im Brot,550,17,70,22,main,EU,1,
Döner,Veal Doner in Bread (small),Kalbs-Döner im Brot (klein),465,26,45,20,main,EU,,
Döner,Halloumi Wrap,Halloumi-Dürüm,625,26,58,32,main,EU,1,
Döner,Vegetable Doner,Gemüse-Döner,500,14,62,22,main,EU,1,
Döner,Fries (small),Pommes (klein),300,4,40,14,side,EU,,
Döner,Rice (side),Reis (Beilage),240,5,52,1,side,EU,,
Döner,Shepherd's Salad,Hirtensalat,72,2,7,4,salad,EU,,
Döner,Tzatziki,Tzatziki,82,3,4,6,extra,EU,,
Döner,Garlic Sauce,Knoblauchsauce,93,1,2,9,extra,EU,,
Döner,Hot Sauce,Scharfe Sauce,21,0,3,1,extra,EU,,
Döner,Baklava (2 pcs),Baklava (2 Stk.),316,4,30,20,dessert,EU,,
Döner,Künefe,Künefe,480,9,55,25,dessert,EU,,
Döner,Mezze Plate,Mezze-Teller,450,14,38,27,starter,EU,,
Döner,Tea with Sugar (Çay),Tee mit Zucker (Çay),40,0,10,0,drink,EU,,
Wendy's,Son of Baconator,Son of Baconator,710,33,41,46,main,US,1,
Wendy's,Jr. Bacon Cheeseburger,Jr. Bacon Cheeseburger,365,20,26,20,main,US,,
Wendy's,Crispy Chicken Sandwich,Crispy Chicken Sandwich,495,24,48,23,main,US,,
Wendy's,Grilled Chicken Sandwich,Grilled Chicken Sandwich,360,34,36,9,main,US,,
Wendy's,4 pc Chicken Nuggets,4 Chicken Nuggets,175,9,10,11,starter,US,,
Wendy's,Chili (small),Chili (klein),170,14,17,5,side,US,,
Wendy's,Apple Pecan Chicken Salad,Apple Pecan Chicken Salad,565,34,45,28,salad,US,,
Wendy's,Southwest Avocado Chicken Salad,Southwest Avocado Chicken Salad,585,36,36,33,salad,US,,
Wendy's,Frosty Chocolate (small),Frosty Schoko (klein),340,9,56,9,dessert,US,,
Wendy's,Fries (medium),Pommes (mittel),350,5,47,16,side,US,,
Wendy's,Fries (large),Pommes (gross),465,6,63,21,side,US,,
Popeyes,Spicy Chicken Sandwich,Spicy Chicken Sandwich,690,28,50,42,main,US,,
Popeyes,Bone-in Chicken Thigh,Hühnerschenkel mit Knochen,280,17,8,20,main,US,3,0.6
Popeyes,Bone-in Chicken Drumstick,Hühner-Unterschenkel mit Knochen,155,12,4,10,main,US,4,0.35
Popeyes,Blackened Chicken Tenders (3 pcs),Blackened Chicken Tenders (3 Stk.),175,26,2,7,main,US,2,0.6
Popeyes,Mac & Cheese,Mac & Cheese,305,10,28,17,side,US,,
Popeyes,Green Beans,Grüne Bohnen,45,2,6,1.5,side,US,,
Popeyes,Apple Pie,Apple Pie,288,3,35,15,dessert,US,,
Popeyes,Butterfly Shrimp (6 pcs),Butterfly Shrimp (6 Stk.),278,12,26,14,starter,US,,
Popeyes,Chicken Nuggets (5 pcs),Chicken Nuggets (5 Stk.),286,14,17,18,starter,US,,
Chipotle,Veggie Bowl,Veggie Bowl,538,16,78,18,main,US,1,
Chipotle,Barbacoa Bowl,Barbacoa Bowl,632,38,57,28,main,US,1,
Chipotle,Chicken Quesadilla,Chicken Quesadilla,769,54,46,41,main,US,1,
Chipotle,Steak Tacos (3 soft),Steak Tacos (3 weich),586,40,48,26,main,US,1,
Chipotle,Chicken Salad (no dressing),Chicken Salad (ohne Dressing),400,45,19,16,salad,US,,
Chipotle,Guacamole (side),Guacamole (Beilage),230,3,12,22,side,US,,
Chipotle,Fresh Tomato Salsa,Frische Tomatensalsa,25,0,5,0,extra,US,,
Chipotle,Sour Cream,Sauerrahm,97,2,2,9,extra,US,,
Chipotle,Shredded Cheese,Geriebener Käse,100,6,1,8,extra,US,,
Chipotle,Extra Tortilla,Extra Tortilla,313,8,50,9,side,US,,
Five Guys,Bacon Cheeseburger,Bacon Cheeseburger,965,55,40,65,main,US,1,
Five Guys,Little Bacon Cheeseburger,Little Bacon Cheeseburger,690,36,40,43,main,US,,
Five Guys,Cheese Dog,Cheese Dog,650,26,40,43,main,US,,
Five Guys,Bacon Dog,Bacon Dog,563,22,40,35,main,US,,
Five Guys,Grilled Cheese,Grilled Cheese,470,18,41,26,main,US,,
Five Guys,Large Fries,Pommes gross,1315,20,181,57,side,US,1,
In-N-Out,Grilled Cheese,Grilled Cheese,470,18,39,27,main,US,,
In-N-Out,Double-Double Animal Style,Double-Double Animal Style,770,38,44,48,main,US,1,
In-N-Out,Chocolate Shake,Schoko-Shake,580,9,76,26,dessert,US,,
In-N-Out,Strawberry Shake,Erdbeer-Shake,590,8,81,25,dessert,US,,
Shake Shack,Veggie Shack,Veggie Shack,560,15,50,34,main,US,,
Shake Shack,Chicken Bites (6 pcs),Chicken Bites (6 Stk.),290,19,16,17,starter,US,,
Shake Shack,Cheese Fries,Cheese Fries,610,11,64,34,side,US,,
Shake Shack,Vanilla Shake,Vanille-Shake,610,12,70,31,dessert,US,,
Shake Shack,Shack-cago Dog,Shack-cago Dog,480,17,40,28,main,US,,
Panda Express,Eggplant Tofu,Eggplant Tofu,340,7,24,24,main,US,,
Panda Express,Black Pepper Chicken,Black Pepper Chicken,280,15,17,17,main,US,,
Panda Express,Sweet Fire Chicken Breast,Sweet Fire Chicken Breast,360,14,48,13,main,US,,
Panda Express,SweetFire Shrimp,Garnelen Sweet Fire,300,11,28,16,main,US,,
Panda Express,Crispy Shrimp,Crispy Shrimp,270,11,22,15,starter,US,,
Panda Express,Cream Cheese Rangoon (3 pcs),Cream Cheese Rangoon (3 Stk.),190,5,24,7,starter,US,,
Panda Express,White Rice,Weisser Reis,380,7,87,0,side,US,,
Panda Express,Brown Rice,Brauner Reis,420,9,82,3,side,US,,
Papa John's,Chicken Poppers (5 pcs),Chicken Poppers (5 Stk.),270,18,17,14,starter,US,,
Papa John's,Chicken Wings (4 pcs),Chicken Wings (4 Stk.),320,24,6,22,starter,US,,
Papa John's,Cheesesticks (2 pcs),Cheesesticks (2 Stk.),330,14,34,15,side,US,,
Papa John's,Chocolate Chip Cookie,Schoko-Cookie,320,3,45,14,dessert,US,,
Papa John's,Meat Pizza (1 slice),Meat Pizza (1 Stück),340,15,35,15,main,US,4,0.4
Little Caesars,Italian Cheese Bread (1 pc),Italian Cheese Bread (1 Stück),160,7,17,7,side,US,,
Little Caesars,Buffalo Wings (4 pcs),Buffalo Wings (4 Stk.),230,17,3,17,starter,US,,
Little Caesars,Meat Pizza (1 slice),Meat Pizza (1 Stück),330,15,31,17,main,US,4,0.4
Little Caesars,Veggie Pizza (1 slice),Veggie Pizza (1 Stück),240,10,33,7,main,US,4,0.4
Little Caesars,Cinnamon Cheese Bread (1 pc),Cinnamon Cheese Bread (1 Stück),150,4,22,5,dessert,US,,
Starbucks,Chai Tea Latte (grande),Chai Tea Latte (Grande),240,8,45,4,drink,US,,
Starbucks,Mocha (grande),Mocha (Grande),360,13,43,15,drink,US,,
Starbucks,White Chocolate Mocha (grande),White Chocolate Mocha (Grande),390,14,47,16,drink,US,,
Starbucks,Iced Latte (grande),Iced Latte (Grande),130,8,13,5,drink,US,,
Starbucks,Cold Brew (grande),Cold Brew (Grande),5,0,0,0,drink,US,,
Starbucks,Egg White & Roasted Red Pepper Egg Bites,Egg White Egg Bites,170,13,11,8,main,US,,
Starbucks,Bacon & Gruyère Egg Bites,Bacon & Gruyère Egg Bites,300,19,9,20,main,US,,
Starbucks,Chicken & Quinoa Protein Bowl,Chicken & Quinoa Protein Bowl,420,27,42,16,main,US,,
Starbucks,Spinach Feta Wrap,Spinach Feta Wrap,290,19,34,8,main,US,,
Starbucks,Banana Nut Bread,Bananenbrot mit Nüssen,410,6,52,21,dessert,US,,
Starbucks,Chocolate Croissant,Schoko-Croissant,340,6,38,18,dessert,US,,
Dunkin',Wake-Up Wrap Egg & Cheese,Wake-Up Wrap Egg & Cheese,180,9,14,9,main,US,,
Dunkin',Turkey Sausage Egg & Cheese Wake-Up Wrap,Truthahn-Wurst Wake-Up Wrap,200,10,15,11,main,US,,
Dunkin',Egg & Cheese Muffin Sandwich,Egg & Cheese Muffin,320,14,31,15,main,US,,
Dunkin',Plain Bagel,Bagel natur,300,11,60,1.5,side,US,,
Dunkin',Cappuccino (medium),Cappuccino (mittel),130,8,10,6,drink,US,,
Dunkin',Cold Brew (medium),Cold Brew (mittel),5,0,0,0,drink,US,,
Dunkin',Hot Chocolate (medium),Heisse Schokolade (mittel),290,9,48,8,drink,US,,
